/contact         /page-contact.html   200
/search          /search.html        200
/index-2.html    /                   301

# Redirect old .html URLs to pretty URLs
/page-about.html    /about           301
/page-services.html /services        301
/page-faq.html      /faq             301
/blog-grid.html     /blog            301
/page-contact.html  /contact         301

# Pretty URLs for main pages
/about              /page-about.html    200
/services           /page-services.html 200
/faq                /page-faq.html      200
/blog               /blog-grid.html     200
